{"code": 200, "msg": "Success", "data": {"成都德芯数字科技股份有限公司": 90.15497655754207, "成都联帮医疗科技股份有限公司": 89.15511085472879, "成都博高信息技术股份有限公司": 82.40296861958531, "四川新迎顺信息技术股份有限公司": 84.90344314268948, "重庆奥根科技有限公司": 80.17434862203002, "四川天星智能包装股份有限公司": 81.89962303870088, "成都欧美克石油股份有限公司": 82.91356824744493, "重庆聚融建设（集团）股份有限公司": 84.09412512594791, "四川新健康成生物股份有限公司": 85.38539195235342, "四川安杰信科技股份有限公司": 77.66764774001722, "成都欧迅科技股份有限公司": 82.57490468924571, "成都卡乐福高分子材料股份有限公司": 82.07389405238892, "四川瑞宝电子股份有限公司": 85.30462703680783, "成都龙之泉科技股份有限公司": 82.79062603740478, "四川东方水利智能装备工程股份有限公司": 88.3942681494608, "重庆荆江汽车半轴股份有限公": 82.82886869049617, "四川特飞科技股份有限公司": 81.68216191423578, "成都畅达通检测技术股份有限公司": 80.68325150683795, "成都共同管业集团股份有限公司": 83.71912573336978, "四川锦美环保股份有限公司": 84.50874229571265, "四川远方高新装备零部件股份有限公司": 85.05070694461362, "成都新西南陶瓷艺术股份有限公司": 86.13636667175759, "重庆多普泰制药股份有限公司": 86.69345513564582, "四川安达农森科技股份有限公司": 92.07352634698259, "四川格纳斯光电科技股份有限公司": 87.26869324070391, "重庆申高生化制药股份有限公司": 80.86985555993179, "贵州火焰山电器股份有限公司": 84.44006479898508, "重庆霏洋环保科技股份有限公": 82.73394771026457, "四川赛卓药业股份有限公司": 100.0, "四川深远石油钻井工具股份有限公司": 97.902588766969, "成都帮辉汽车配件股份有限公司": 90.96352129089331, "贵州威门药业股份有限公司": 85.52307964310825, "成都亚讯星科科技股份有限公司": 85.45165299950771, "四川长城软件科技股份有限公司": 82.7995563050697, "成都惠锋新材料科技股份有限公司": 80.67604348825141, "成都可为科技股份有限公司": 82.42696565698297, "成都市康华药业股份有限公司": 82.37738156074619, "成都飞鱼星科技股份有限公司": 90.37516325334522, "成都陆迪科技股份有限公司": 81.5024611781501, "四川亿舟科技股份有限公司": 83.08711220008283, "四川精典汽车服务联锁股份有限公司": 94.35330837847499, "成都迈科高分子材料股份有限公司": 81.51448069333068, "四川九洲光电科技股份有限公司": 92.65313500968146, "重庆和泰润佳股份有限公司": 86.45333823760882, "成都鹏业软件股份有限公司": 89.67970005857416, "四川蜀旺新能源股份有限公司": 86.69211833907985, "重庆欧百特冷链科技股份有限公司": 84.05572524639685, "云南祥云飞龙再生科技股份有限公司": 92.78031041814788, "重庆市大正仪表股份有限公司": 87.03060453141238, "四川豪特精工装备股份有限公司": 80.49549032277012, "贵州汇通华城股份有限公司": 84.16287016964937, "四川奇石缘科技股份有限公司": 83.46045875268916, "四川大宇信息系统股份有限公司": 89.3891992540256, "成都华津时代科技股份有限公司": 86.13565458727311, "成都仁新科技股份有限公司": 81.88098121680191, "贵州得轩堂护康药业股份有限公司": 78.69751977979197, "成都易信达科技股份有限公司": 81.34101315311058, "成都西部泰力智能设备股份有限公司": 81.9611434955111, "四川辅正药业股份有限公司": 84.34502148046344, "四川飞宇电力股份有限公司": 81.20913467689121, "四川金安特农业股份有限公司": 79.85798320437492, "四川科志人防设备股份有限公司": 85.80997547120457, "云南顺丰洱海环保科技股份有限公司": 90.06312763128712, "成都佳诚弘毅科技股份有限公司": 76.03263764156661, "四川同人泰药业股份有限公司": 85.32304029200425, "成都之维安科技股份有限公司": 84.02750014692583, "重庆梦赛力士光电股份有限公司": 82.01226230396928, "四川俊虹建材股份有限公司": 90.69102187314454, "重庆聚能粉末": 81.17213691055112, "重庆云网科技股份有限公司": 88.14456030504057, "四川川净洁净技术股份有限公司": 82.10845372148948, "成都蜀虹装备制造股份有限公司": 88.24256194392879, "四川省福喜迎门酒业股份有限公司": 84.0800029617616, "四川帝华汽车科技股份有限公司": 83.11724004063437, "重庆巨创计量设备股份有限公司": 80.18960708604212, "成都绿金高新技术股份有限公司": 86.29596153868707, "重庆锦瑜电子股份有限公司": 81.28553228012044, "成都巨龙生物科技股份有限公司": 89.84814818357115, "四川银钢一通凸轮科技股份有限公司": 83.29419546017186, "重庆瑞普电气实业股份有限公司": 83.97003220292585, "四川东立科技股份有限公司": 86.54664622384041, "四川华南信息产业股份有限公司": 81.0287343475406, "成都恒成工具股份有限公司": 85.67156187293973, "四川赛狄信息技术股份公司": 81.99836543414091, "四川村田机械制造股份有限公司": 81.68142267633641, "重庆鸿全兴业金属制品股份有限公司": 80.68427018149772, "贵州贵材创新科技股份有限公司": 85.54437895743575, "成都成电光信科技股份有限公司": 86.0066105670109, "云南七丹药业股份有限公司": 86.9782358602439, "四川东钢新材料股份有限公司": 85.80184650097917, "四川南联环资科技股份有限公司": 81.02242142837677, "成都维纳软件股份有限公司": 90.11218007534644, "重庆大众能源设备有限公司": 91.42498966578654, "云南润杰农业科技股份有限公司": 93.01452273044073, "重庆新申新材料股份有限公司": 84.38480059417577, "四川春盛药业集团股份有限公司": 82.57800712382985}}